Timestamp,Open,High,Low,Close,Adj Close,Volume
1400468400,17.980000,18.040001,17.820000,17.940001,17.185019,25935900
1400554800,17.900000,18.379999,17.100000,17.299999,16.571949,54506300
1400641200,17.459999,17.820000,17.100000,17.459999,16.725214,40672100
1400727600,17.510000,17.770000,17.340000,17.680000,16.935957,32321300
1400814000,17.580000,17.830000,17.549999,17.700001,16.955118,18155800
1401073200,17.799999,17.910000,17.709999,17.860001,17.108383,7387500
1401159600,17.930000,18.030001,17.410000,17.490000,16.753954,23285500
1401246000,17.549999,17.790001,17.260000,17.700001,16.955118,22457200
1401332400,17.750000,17.799999,17.290001,17.299999,16.571949,19559700
1401418800,17.180000,17.250000,16.620001,16.690001,15.987620,25975000
1401678000,16.799999,16.870001,16.379999,16.549999,15.853512,26475500
1401764400,16.530001,16.959999,16.469999,16.900000,16.188784,20600300
1401850800,16.850000,16.930000,16.520000,16.600000,15.901408,20905900
1401937200,16.709999,16.830000,16.290001,16.320000,15.633191,23391100
1402023600,17.379999,17.680000,17.110001,17.680000,16.935957,55365700
1402282800,17.570000,18.240000,17.379999,18.070000,17.309546,47362400
1402369200,18.040001,18.670000,17.809999,18.670000,17.884295,35832900
1402455600,18.700001,18.959999,18.299999,18.879999,18.085455,48370800
1402628400,18.629999,19.070000,18.610001,18.990000,18.190828,28004000
1402887600,19.000000,19.129999,18.639999,18.740000,17.951349,30910300
1402974000,18.650000,18.680000,18.200001,18.320000,17.549023,18040600
1403060400,18.410000,19.030001,18.250000,19.000000,18.200407,43019700
1403233200,18.650000,18.990000,18.580000,18.700001,17.913031,22486300
1403492400,18.750000,18.750000,18.299999,18.299999,17.529865,14243200
1403578800,18.290001,18.889999,17.490000,17.639999,16.897642,53971000
1403665200,17.200001,17.770000,17.129999,17.290001,16.562370,48346300
1403751600,17.469999,17.570000,17.010000,17.320000,16.591106,23470100
1403838000,17.250000,17.389999,17.100000,17.200001,16.476158,16716300
1404097200,17.360001,17.549999,17.040001,17.290001,16.562370,20962900
1404183600,17.350000,17.450001,16.920000,17.190001,16.466578,22945200
1404270000,17.190001,17.330000,16.969999,17.120001,16.399525,28670600
1404356400,16.900000,17.530001,16.850000,17.520000,16.782692,26634700
1404442800,17.430000,17.549999,17.350000,17.500000,16.763533,9431900
1404702000,17.410000,17.440001,17.139999,17.320000,16.591106,18701200
1404788400,17.360001,17.420000,17.170000,17.330000,16.600685,11504900
1404961200,17.780001,18.170000,17.620001,18.110001,17.347862,35913600
1405047600,18.070000,18.320000,17.799999,18.240000,17.472389,20928900
1405306800,18.480000,19.180000,18.420000,19.100000,18.296200,70399100
1405393200,19.100000,19.370001,18.830000,19.260000,18.449465,43433200
1405479600,19.350000,19.389999,19.080000,19.309999,18.497360,27591400
1405566000,19.200001,19.920000,19.120001,19.559999,18.736837,57411200
1405652400,20.809999,20.870001,20.150000,20.520000,19.656439,90435000
1405911600,20.430000,21.020000,20.260000,20.940001,20.058765,44723800
1405998000,20.900000,21.230000,20.559999,21.049999,20.164133,62443400
1406084400,20.559999,20.740000,20.170000,20.250000,19.397800,42981200
1406170800,20.360001,20.440001,19.950001,20.309999,19.455276,37644700
1406257200,20.410000,20.570000,20.280001,20.490000,19.627703,25149900
1406516400,20.570000,20.600000,20.090000,20.150000,19.302010,24552600
1406602800,20.100000,20.120001,19.559999,19.620001,18.794315,38234000
1406689200,19.700001,20.049999,19.629999,19.850000,19.014635,28062900
1406775600,19.600000,19.650000,19.010000,19.100000,18.296200,36467700
1406862000,19.010000,19.209999,18.719999,19.000000,18.200407,30658500
1407121200,19.150000,19.559999,18.870001,19.549999,18.727259,22501200
1407207600,19.459999,20.090000,19.299999,19.700001,18.870947,53674100
1407294000,19.840000,20.540001,19.670000,20.309999,19.455276,72879400
1407380400,20.600000,20.690001,19.879999,20.150000,19.302010,54256300
1407466800,19.799999,19.860001,19.250000,19.309999,18.497360,41930500
1407726000,19.370001,20.200001,19.219999,20.139999,19.292431,35596700
1407812400,20.090000,20.290001,19.570000,19.670000,18.842209,30507300
1407898800,19.750000,19.930000,18.500000,18.690001,17.903454,100212700
1407985200,18.680000,19.049999,18.330000,18.600000,17.817240,45332400
1408071600,18.900000,20.100000,18.900000,20.059999,19.215796,63042700
1408330800,20.549999,20.730000,19.820000,20.400000,19.541489,66860700
1408417200,20.209999,20.990000,20.170000,20.910000,20.030025,43132900
1408503600,20.799999,21.490000,20.709999,21.360001,20.461090,54453400
1408590000,21.250000,21.670000,21.070000,21.299999,20.403610,40823700
1408676400,21.139999,21.320000,20.730000,20.920000,20.039608,34438300
1408935600,21.219999,22.070000,21.120001,22.040001,21.112473,45475600
1409022000,22.030001,22.520000,21.780001,21.840000,20.920889,52291300
1409108400,22.150000,23.209999,21.900000,22.840000,21.878803,73536500
1409194800,22.690001,23.330000,22.549999,22.840000,21.878803,57631800
1409281200,23.150000,23.590000,22.600000,23.360001,22.376923,56848900
1409540400,23.950001,24.590000,23.660000,23.830000,22.827143,40238800
1409626800,24.000000,24.900000,23.400000,24.559999,23.526421,67713100
1409713200,24.840000,24.879999,23.600000,23.950001,22.942093,60151400
1409799600,23.090000,24.000000,22.700001,22.790001,21.830912,66914600
1409886000,22.750000,23.299999,22.430000,22.820000,21.859646,54256100
1410145200,23.420000,23.680000,21.500000,21.700001,20.786781,79759300
1410231600,21.510000,22.190001,21.120001,21.480000,20.576038,71764400
1410318000,21.160000,21.480000,20.600000,20.950001,20.068344,61903500
1410404400,21.180000,21.730000,21.000000,21.209999,20.317400,51526700
1410490800,20.870001,21.000000,19.850000,20.139999,19.292431,82475400
1410750000,20.250000,20.660000,20.059999,20.580000,19.713915,53328400
1410836400,20.760000,22.379999,20.700001,21.549999,20.643091,99328900
1410922800,22.330000,22.530001,21.860001,22.120001,21.189106,54823000
1411009200,21.850000,22.120001,21.180000,21.290001,20.394035,57148100
1411095600,21.000000,21.379999,20.690001,20.910000,20.030025,37077100
1411354800,20.450001,20.600000,19.680000,20.590000,19.723492,66535200
1411441200,20.100000,21.000000,19.900000,20.129999,19.282850,54737800
1411527600,19.950001,20.610001,19.840000,20.230000,19.378643,38247100
1411614000,20.290001,20.400000,19.830000,19.840000,19.005054,26626600
1411700400,19.900000,21.240000,19.799999,20.940001,20.058765,43234500
1411959600,19.020000,19.250000,18.540001,18.600000,17.817240,94418600
1412046000,18.490000,18.650000,17.750000,18.090000,17.328705,81971800
1412132400,17.700001,17.860001,17.010000,17.090000,16.370787,79170700
1412218800,17.400000,17.719999,16.860001,17.299999,16.571949,65399500
1412305200,17.600000,18.520000,17.240000,18.350000,17.577763,61990800
1412564400,21.500000,21.500000,20.090000,20.389999,19.531910,114738800
1412650800,20.850000,21.790001,20.639999,21.209999,20.317400,87446800
1412737200,21.799999,21.850000,20.010000,20.850000,19.972551,104638500
1412823600,21.290001,21.900000,21.139999,21.200001,20.307823,82449700
1412910000,20.049999,20.049999,20.049999,20.049999,19.206221,64882800
1413169200,21.360001,22.420000,21.110001,22.129999,21.198685,85183400
1413255600,21.600000,21.600000,21.600000,21.600000,20.690989,80844400
1413342000,20.600000,20.879999,19.620001,20.150000,19.302010,120546300
1413428400,19.010000,19.500000,18.559999,18.650000,17.865135,97275600
1413514800,19.370001,19.530001,18.650000,19.090000,18.286619,69545700
1413770400,18.920000,18.990000,17.870001,17.920000,17.165857,70794896
1413856800,16.900000,16.900000,16.900000,16.900000,16.188784,105185600
1413943200,16.809999,17.250000,16.379999,16.610001,15.910989,62049400
1414029600,16.370001,16.450001,15.410000,15.510000,14.857280,110386000
1414116000,15.800000,16.889999,15.520000,16.620001,15.920568,100322000
1414375200,14.000000,14.590000,13.760000,14.520000,13.908943,215365600
1414461600,14.900000,15.080000,14.630000,15.030000,14.397478,95132900
1414548000,14.770000,14.790000,14.000000,14.020000,13.429984,89851000
1414634400,14.600000,14.690000,14.010000,14.320000,13.717360,75048900
1414720800,14.580000,15.280000,14.370000,15.280000,14.636958,47932400
1414980000,14.960000,15.100000,14.550000,14.850000,14.225056,44102700
1415066400,15.000000,15.030000,14.370000,14.820000,14.196317,45408900
1415152800,14.500000,14.620000,14.330000,14.400000,13.793992,37011900
1415239200,14.280000,14.280000,13.780000,14.060000,13.468302,55337600
1415325600,14.250000,14.630000,13.520000,14.270000,13.669464,77503900
1415584800,14.300000,14.370000,13.920000,13.980000,13.391666,35611800
1415671200,13.810000,14.080000,13.670000,14.000000,13.410826,24268300
1415757600,13.970000,14.490000,13.830000,14.110000,13.516196,30597500
1415844000,14.320000,14.370000,13.590000,13.600000,13.027659,36046700
1415930400,12.900000,13.330000,12.850000,13.200000,12.644493,52848800
1416189600,13.070000,13.250000,12.520000,12.600000,12.069744,47504600
1416276000,12.760000,12.850000,12.000000,12.450000,11.926056,60893000
1416362400,12.400000,12.970000,12.310000,12.780000,12.242167,48829400
1416535200,13.010000,14.430000,13.010000,14.300000,13.698200,66584900
1416794400,14.620000,15.260000,14.080000,14.210000,13.611988,70349100
1416880800,14.440000,14.930000,13.850000,14.150000,13.554512,82863900
1416967200,14.170000,14.170000,14.170000,14.170000,13.573671,35604600
1417053600,14.200000,14.620000,13.330000,13.440000,12.874393,54672700
1417140000,13.450000,13.560000,12.800000,12.840000,12.299643,46109000
1417399200,12.450000,12.540000,12.210000,12.320000,11.801526,698950612
1417485600,12.500000,12.560000,12.090000,12.170000,11.657840,482364084
1417572000,12.260000,12.800000,12.210000,12.710000,12.175114,39791800
1417658400,12.790000,12.790000,12.170000,12.270000,11.753632,36498300
1417744800,12.320000,12.370000,12.050000,12.180000,11.667418,60072900
1418004000,12.150000,12.150000,11.410000,11.510000,11.025616,44385600
1418090400,11.100000,11.430000,10.810000,11.420000,10.939402,69233104
1418176800,11.350000,11.360000,10.820000,10.880000,10.422128,51653800
1418263200,10.900000,11.040000,10.320000,10.630000,10.182649,64604800
1418349600,10.650000,10.690000,10.110000,10.190000,9.761165,46321800
1418608800,10.210000,10.290000,9.010000,9.060000,8.678720,100442600
1418695200,8.600000,9.920000,8.560000,9.370000,8.975675,92073400
1418781600,9.500000,9.860000,9.370000,9.470000,9.071465,90951200
1418868000,9.890000,10.350000,9.380000,9.570000,9.167258,88693200
1418954400,9.950000,9.980000,9.570000,9.830000,9.416317,64103300
1419213600,9.900000,10.370000,9.710000,10.370000,9.933590,53678500
1419300000,10.370000,10.990000,10.190000,10.910000,10.450865,45011000
1419559200,10.870000,10.880000,10.210000,10.320000,9.885694,27059500
1419818400,10.150000,10.540000,10.060000,10.280000,9.847379,24392000
1419904800,10.160000,10.350000,10.010000,10.030000,9.607898,27623700
1420164000,9.990000,9.990000,9.350000,9.360000,8.966095,49559500
1420423200,9.140000,9.190000,8.530000,8.560000,8.199762,78385100
1420509600,8.710000,8.830000,8.040000,8.280000,7.931545,84723300
1420596000,8.560000,8.730000,8.360000,8.670000,8.305134,85531000
1420682400,8.790000,9.390000,8.740000,9.230000,8.841565,83306300
1420768800,9.200000,9.510000,8.930000,9.510000,9.109782,50813100
1421028000,9.270000,9.580000,8.790000,8.840000,8.467978,58728900
1421114400,8.900000,9.390000,8.850000,9.090000,8.707458,65834800
1421200800,8.880000,8.960000,8.640000,8.910000,8.535033,55736500
1421287200,9.000000,9.390000,8.870000,9.310000,8.918199,80907800
1421373600,9.460000,9.630000,9.240000,9.440000,9.042727,56978300
1421632800,9.350000,9.540000,9.150000,9.170000,8.784091,30873100
1421719200,9.600000,9.850000,9.150000,9.310000,8.918199,72842900
1421805600,9.450000,9.920000,9.320000,9.900000,9.483369,48003500
1421892000,10.100000,10.460000,9.970000,10.230000,9.799481,74782400
1421978400,10.110000,10.410000,9.880000,9.980000,9.560003,43659400
1422237600,9.790000,9.970000,9.660000,9.830000,9.416317,33202100
1422324000,9.720000,10.370000,9.530000,10.140000,9.713270,58750400
1422410400,9.430000,9.540000,8.950000,9.110000,8.726616,106337900
1422496800,9.050000,9.080000,8.340000,8.670000,8.305134,111506300
1422583200,8.200000,8.340000,8.080000,8.300000,7.950704,87497200
1422842400,8.460000,8.790000,8.130000,8.790000,8.420082,57585100
1422928800,9.010000,10.000000,9.010000,9.970000,9.550424,98061700
1423015200,10.300000,10.780000,9.560000,10.020000,9.598321,117595000
1423101600,9.860000,10.290000,9.700000,9.830000,9.416317,78992700
1423188000,9.800000,9.810000,8.870000,9.120000,8.736195,117747100
1423447200,8.800000,9.470000,8.720000,9.400000,9.004412,72534200
1423533600,9.220000,9.800000,8.890000,8.910000,8.535033,75478700
1423620000,8.940000,9.190000,8.810000,9.080000,8.697879,48681100
1423706400,9.350000,9.540000,9.270000,9.450000,9.052306,61706000
1423792800,9.680000,10.100000,9.660000,10.030000,9.607898,72282500
1424224800,10.160000,10.340000,10.010000,10.040000,9.617477,42896700
1424311200,9.960000,9.970000,9.650000,9.710000,9.301365,38492400
1424397600,9.820000,9.900000,9.530000,9.640000,9.234311,35272700
1424660400,9.550000,9.590000,9.390000,9.500000,9.100204,41168500
1424746800,9.650000,9.900000,9.590000,9.900000,9.483369,48578000
1424833200,9.100000,9.400000,9.000000,9.400000,9.004412,96303900
1424919600,9.400000,9.520000,9.160000,9.230000,8.841565,44179900
1425006000,9.300000,9.640000,9.100000,9.550000,9.148100,46969600
1425265200,9.440000,9.710000,9.270000,9.420000,9.023571,38009000
1425351600,9.690000,9.800000,9.520000,9.570000,9.167258,42133600
1425438000,9.410000,9.450000,9.210000,9.270000,8.879883,48308500
1425524400,9.310000,9.380000,9.160000,9.240000,8.851146,52913800
1425610800,9.200000,9.350000,9.170000,9.250000,8.860724,27181900
1425870000,9.130000,9.180000,8.900000,8.920000,8.544612,37625700
1425956400,8.830000,8.980000,8.510000,8.520000,8.161447,72090500
1426042800,8.670000,8.830000,8.580000,8.740000,8.372187,44035300
1426129200,8.970000,9.080000,8.440000,8.470000,8.113549,63029900
1426215600,8.250000,8.390000,8.160000,8.340000,7.989020,72933500
1426474800,8.490000,8.500000,8.190000,8.390000,8.036916,53380500
1426561200,8.350000,8.930000,8.320000,8.860000,8.487137,63896300
1426647600,8.850000,9.290000,8.670000,9.200000,8.812827,65324600
1426734000,9.180000,9.230000,8.850000,8.920000,8.544612,42857200
1426820400,9.080000,9.350000,8.960000,9.220000,8.831987,65339300
1427079600,9.300000,9.440000,9.200000,9.330000,8.937358,34124600
1427166000,9.370000,9.450000,9.220000,9.420000,9.023571,36392400
1427252400,9.650000,9.890000,9.530000,9.800000,9.387579,84659600
1427338800,9.920000,9.960000,9.310000,9.330000,8.937358,58862000
1427425200,9.300000,9.610000,9.170000,9.360000,8.966095,51152500
1427684400,9.500000,9.750000,9.420000,9.710000,9.301365,33372200
1427770800,9.580000,9.920000,9.470000,9.660000,9.253470,46908300
1427857200,9.930000,10.370000,9.870000,10.260000,9.828219,59374600
1427943600,10.170000,10.720000,10.170000,10.690000,10.240122,69001800
1428289200,10.800000,10.990000,10.680000,10.710000,10.259282,45227600
1428375600,10.600000,10.960000,10.460000,10.920000,10.460444,61721500
1428462000,11.100000,11.330000,10.490000,10.570000,10.125173,73904600
1428548400,10.700000,11.600000,10.580000,11.580000,11.092669,79280800
1428634800,11.520000,11.930000,11.270000,11.810000,11.312990,70021600
1428894000,11.970000,12.750000,11.900000,12.270000,11.753632,104809600
1428980400,12.670000,12.740000,11.970000,12.460000,11.935635,87127100
1429066800,12.700000,13.380000,12.470000,13.340000,12.778602,103042800
1429153200,13.250000,13.330000,12.520000,12.980000,12.433750,109852700
1429239600,12.610000,13.240000,12.520000,12.950000,12.405013,71274400
1429498800,13.230000,13.380000,13.020000,13.070000,12.519963,52514600
1429671600,13.190000,13.290000,12.660000,13.000000,12.452909,65914800
1429758000,12.300000,13.260000,11.890000,12.870000,12.328381,182613700
1429844400,13.190000,13.780000,13.160000,13.220000,12.663652,106143700
1430103600,12.950000,13.120000,12.510000,12.520000,11.993110,53111300
1430190000,12.760000,12.870000,12.250000,12.770000,12.232589,60884300
1430276400,12.580000,12.930000,12.530000,12.820000,12.280485,35821900
1430362800,12.830000,13.150000,12.800000,13.060000,12.510385,48515300
1430708400,13.310000,13.850000,13.300000,13.790000,13.209664,55651100
1430794800,13.700000,14.610000,13.670000,14.430000,13.822730,76329800
1430881200,14.750000,14.950000,13.570000,13.790000,13.209664,72197500
1430967600,13.800000,14.050000,13.330000,13.660000,13.085135,44978900
1431054000,14.040000,14.090000,13.360000,13.510000,12.941446,43687900
1431313200,13.680000,13.830000,13.430000,13.770000,13.190506,28040500
1431399600,13.700000,14.060000,13.630000,13.730000,13.152188,30765100
1431486000,13.870000,14.130000,13.750000,13.980000,13.391666,45346800
1431572400,14.100000,14.230000,13.760000,13.900000,13.315033,49457700
1431658800,13.920000,14.120000,13.610000,14.040000,13.449142,54224100
1431918000,14.640000,14.650000,13.520000,13.700000,13.123451,82200400
1432004400,13.550000,13.590000,12.790000,12.890000,12.347540,70521100
1432090800,12.760000,13.120000,12.630000,12.840000,12.299643,43164900
1432177200,12.860000,13.520000,12.860000,13.480000,12.912709,53682900
1432263600,13.520000,13.650000,12.920000,13.070000,12.519963,53753700
1432522800,12.980000,13.010000,12.720000,12.830000,12.290063,24377600
1432609200,12.800000,12.860000,12.360000,12.390000,11.868582,44844200
1432695600,12.500000,12.660000,12.290000,12.540000,12.012268,47223300
1432782000,12.470000,12.820000,12.400000,12.650000,12.117638,96419400
1432868400,12.710000,12.780000,12.300000,12.330000,11.811106,75971600
1433127600,12.430000,12.650000,12.250000,12.360000,11.839843,40498000
1433214000,12.550000,12.950000,12.470000,12.880000,12.337960,47041600
1433300400,12.960000,13.100000,12.720000,12.790000,12.251747,90062100
1433473200,12.580000,12.780000,12.420000,12.570000,12.041007,36719100
1433732400,12.610000,12.770000,12.470000,12.570000,12.041007,23667600
1433818800,12.610000,13.170000,12.570000,13.000000,12.452909,88228800
1433905200,13.300000,13.440000,12.920000,13.080000,12.529543,45583600
1433991600,13.130000,13.140000,12.850000,13.100000,12.548700,35341600
1434078000,12.860000,13.040000,12.830000,13.020000,12.472069,30067700
1434337200,12.970000,13.090000,12.900000,13.010000,12.462489,31713200
1434423600,13.040000,13.480000,12.910000,13.380000,12.816917,49988000
1434510000,13.500000,13.590000,13.120000,13.140000,12.587019,40920200
1434596400,13.280000,13.450000,13.150000,13.450000,12.883971,26832100
1434682800,13.310000,13.440000,13.100000,13.150000,12.596598,36247800
1434942000,13.300000,13.370000,13.130000,13.170000,12.615755,22567300
1435028400,13.270000,13.430000,12.950000,12.970000,12.424172,48007400
1435114800,13.060000,13.350000,13.050000,13.220000,12.663652,39613200
1435201200,13.230000,13.240000,12.520000,12.600000,12.069744,48369000
1435287600,12.660000,13.210000,12.640000,13.210000,12.654072,34536800
1435546800,13.000000,13.590000,12.620000,12.850000,12.309222,63175500
1435633200,12.900000,12.990000,12.650000,12.690000,12.155955,32876500
1435719600,12.800000,12.850000,12.010000,12.160000,11.648260,62627200
1435806000,12.350000,12.530000,12.160000,12.350000,11.830264,37421500
1435892400,12.250000,12.310000,11.680000,11.760000,11.265094,31574500
1436151600,11.510000,11.730000,11.280000,11.510000,11.025616,51206800
1436238000,11.360000,11.850000,10.820000,11.770000,11.274674,72452800
1436324400,11.620000,11.990000,11.330000,11.460000,10.977718,44001500
1436497200,11.900000,11.980000,11.750000,11.810000,11.312990,30885900
1436756400,11.870000,11.930000,11.580000,11.790000,11.293831,29585400
1436842800,11.690000,12.080000,11.580000,11.990000,11.485415,37058500
1436929200,11.960000,12.060000,11.720000,11.780000,11.284251,33375100
1437015600,11.890000,11.990000,11.820000,11.990000,11.485415,26442500
1437102000,11.820000,11.900000,11.390000,11.410000,10.929823,39929900
1437361200,11.460000,11.540000,10.750000,10.790000,10.335917,48763200
1437447600,10.910000,11.240000,10.600000,10.730000,10.278440,40357600
1437534000,10.610000,10.720000,10.330000,10.360000,9.924009,30155200
1437620400,10.220000,10.560000,10.120000,10.120000,9.694111,50696500
1437706800,10.170000,10.230000,9.760000,10.030000,9.607898,45143700
1437966000,9.960000,9.990000,9.500000,9.500000,9.100204,54768800
1438052400,9.690000,10.220000,9.610000,10.020000,9.598321,72306100
1438138800,10.010000,10.770000,9.910000,10.700000,10.249702,88194700
1438225200,10.830000,10.930000,10.240000,10.420000,9.981486,47498400
1438311600,10.480000,10.700000,10.320000,10.490000,10.048540,37462200
1438570800,10.360000,10.410000,9.950000,10.030000,9.607898,41499600
1438657200,10.140000,10.450000,10.100000,10.160000,9.732428,30786900
1438743600,10.410000,10.550000,10.010000,10.010000,9.588741,43759700
1438830000,9.860000,10.390000,9.740000,10.340000,9.904853,60293400
1438916400,10.250000,10.550000,9.680000,9.690000,9.282207,65832700
1439175600,9.810000,10.030000,9.570000,9.990000,9.569583,51017800
1439262000,9.790000,9.980000,9.470000,9.980000,9.560003,45648700
1439348400,9.800000,10.010000,9.670000,9.820000,9.406736,40039100
1439434800,9.910000,9.970000,9.500000,9.500000,9.100204,31405700
1439521200,9.610000,9.680000,9.300000,9.300000,8.908620,28018600
1439780400,9.200000,9.360000,9.120000,9.150000,8.764933,33125100
1439866800,9.060000,9.200000,8.820000,8.990000,8.611665,38013600
1439953200,8.950000,9.050000,8.630000,8.740000,8.372187,37036000
1440039600,8.640000,8.960000,8.560000,8.690000,8.324290,38857700
1440126000,8.600000,8.640000,8.290000,8.300000,7.950704,39848800
1440385200,7.760000,8.170000,7.530000,7.890000,7.557958,70881000
1440471600,8.100000,8.230000,7.850000,7.850000,7.519642,58283200
1440558000,8.070000,8.130000,7.850000,8.130000,7.787858,43893300
1440644400,8.250000,8.930000,8.230000,8.920000,8.544612,66820200
1440730800,8.670000,9.390000,8.610000,9.020000,8.640404,77260900
1440990000,8.710000,9.290000,8.520000,9.190000,8.803248,76576400
1441076400,8.750000,9.090000,8.540000,8.590000,8.228500,52756400
1441162800,8.750000,8.840000,8.330000,8.820000,8.448821,56050600
1441249200,8.930000,9.210000,8.540000,8.760000,8.391346,56645400
1441335600,8.600000,8.760000,8.510000,8.510000,8.151867,35463400
1441681200,8.700000,8.790000,8.580000,8.640000,8.276397,29383000
1441767600,8.810000,8.900000,8.360000,8.390000,8.036916,38706300
1441854000,7.900000,8.150000,7.810000,7.970000,7.634591,62858700
1441940400,7.940000,7.990000,7.590000,7.660000,7.337638,53647300
1442199600,7.700000,7.820000,7.460000,7.720000,7.395113,52851400
1442286000,7.650000,7.870000,7.540000,7.650000,7.328059,35102900
1442372400,7.770000,8.240000,7.740000,8.140000,7.797438,66613400
1442458800,8.050000,8.110000,7.860000,7.860000,7.529221,72887600
1442545200,7.750000,7.760000,7.500000,7.600000,7.280162,68097000
1442804400,7.660000,7.680000,7.300000,7.300000,6.992788,41063600
1442890800,7.240000,7.240000,6.810000,6.970000,6.676676,66720700
1442977200,6.960000,7.160000,6.700000,6.820000,6.532988,64774800
1443063600,6.610000,7.140000,6.600000,6.960000,6.667097,56577300
1443150000,7.120000,7.220000,6.770000,6.820000,6.532988,44843100
1443409200,6.740000,6.750000,6.440000,6.440000,6.168980,37466900
1443495600,6.540000,6.790000,6.500000,6.590000,6.312667,52387600
1443582000,7.250000,7.260000,6.970000,7.240000,6.935312,107779500
1443668400,7.310000,7.460000,6.990000,7.020000,6.724571,69296500
1443754800,6.990000,7.830000,6.900000,7.770000,7.443008,88891400
1444014000,7.900000,8.140000,7.750000,7.820000,7.490904,68350300
1444100400,7.860000,8.340000,7.840000,8.190000,7.845333,81259300
1444186800,8.510000,8.900000,8.270000,8.470000,8.113549,116610600
1444273200,8.460000,8.840000,8.280000,8.750000,8.381766,68670000
1444359600,9.020000,9.070000,8.580000,8.800000,8.429662,71885200
1444705200,8.360000,8.470000,8.070000,8.130000,7.787858,56100600
1444791600,8.070000,8.230000,7.890000,7.960000,7.625012,75339100
1444878000,8.000000,8.070000,7.670000,8.000000,7.663329,61444100
1444964400,7.990000,8.080000,7.810000,7.950000,7.615434,42963800
1445220000,7.900000,7.960000,7.760000,7.950000,7.615434,40096200
1445306400,8.000000,8.190000,7.970000,8.050000,7.711225,47938700
1445392800,7.950000,8.060000,7.710000,7.750000,7.423850,45394400
1445479200,7.820000,8.110000,7.810000,8.020000,7.682487,46174500
1445565600,8.260000,8.280000,7.940000,7.990000,7.653749,45715300
1445824800,8.050000,8.130000,7.800000,7.850000,7.519642,35069500
1445911200,7.860000,7.860000,7.550000,7.600000,7.280162,44085700
1445997600,7.870000,7.950000,7.860000,7.950000,7.615434,4630900
1446084000,7.570000,7.930000,7.570000,7.610000,7.289742,41336300
1446170400,7.600000,7.780000,7.540000,7.710000,7.385533,36951300
1446516000,7.840000,8.480000,7.770000,8.480000,8.123128,60306200
1446602400,8.580000,8.650000,8.020000,8.080000,7.739962,55661500
1446688800,8.080000,8.170000,7.870000,8.110000,7.768700,92690300
1446775200,8.040000,8.080000,7.730000,7.820000,7.490904,39680600
1447034400,7.830000,7.930000,7.590000,7.910000,7.577116,36340400
1447120800,7.600000,7.690000,7.510000,7.610000,7.289742,34554300
1447207200,7.710000,7.830000,7.640000,7.720000,7.395113,44596400
1447293600,7.720000,7.740000,7.530000,7.580000,7.261004,41641400
1447380000,7.500000,7.560000,7.230000,7.270000,6.964050,67000600
1447639200,7.310000,7.700000,7.310000,7.700000,7.375954,56587800
1447725600,7.800000,7.860000,7.640000,7.760000,7.433429,52072800
1447812000,7.810000,8.030000,7.790000,7.820000,7.490904,38137700
1447898400,7.960000,7.980000,7.620000,7.840000,7.510062,51878600
1448244000,7.900000,8.100000,7.850000,8.080000,7.739962,47415800
1448330400,8.050000,8.500000,7.950000,8.500000,8.142287,63001700
1448416800,8.280000,8.350000,7.900000,7.900000,7.567537,54732800
1448503200,7.950000,8.040000,7.820000,7.920000,7.586696,21697100
1448589600,7.810000,7.860000,7.570000,7.600000,7.280162,38334200
1448848800,7.540000,7.840000,7.420000,7.670000,7.347217,72764300
1448935200,7.670000,7.760000,7.450000,7.490000,7.174792,35865600
1449021600,7.540000,7.590000,7.350000,7.520000,7.203529,47713500
1449108000,7.990000,8.170000,7.790000,7.980000,7.644171,76680900
1449194400,7.970000,7.970000,7.420000,7.520000,7.203529,63662600
1449453600,7.600000,7.610000,7.150000,7.190000,6.887417,47395000
1449540000,7.200000,7.200000,6.950000,7.130000,6.829942,46590500
1449626400,7.340000,7.820000,7.270000,7.650000,7.328059,82102800
1449712800,7.510000,7.570000,7.310000,7.450000,7.136475,43458400
1449799200,7.260000,7.530000,7.210000,7.250000,6.944892,50750600
1450058400,7.150000,7.230000,7.070000,7.210000,6.906575,33538000
1450144800,7.340000,7.470000,7.300000,7.420000,7.107738,34188900
1450231200,7.280000,7.360000,7.090000,7.290000,6.983208,39840300
1450317600,7.350000,7.520000,7.190000,7.200000,6.896996,43789300
1450404000,7.020000,7.100000,6.920000,7.020000,6.724571,60061600
1450663200,7.060000,7.090000,6.620000,6.640000,6.360563,54032100
1450749600,6.760000,6.820000,6.620000,6.790000,6.504251,40463400
1450836000,6.910000,7.040000,6.870000,6.930000,6.638359,38789700
1451268000,6.900000,6.900000,6.650000,6.700000,6.418038,28617600
1451354400,6.810000,6.870000,6.680000,6.690000,6.408459,22441300
1451440800,6.660000,6.760000,6.520000,6.700000,6.418038,30041600
1451872800,6.570000,7.030000,6.550000,6.870000,6.580884,45962100
1451959200,6.920000,7.000000,6.620000,6.680000,6.398880,29446700
1452045600,6.530000,6.540000,6.400000,6.400000,6.130663,67507200
1452132000,6.190000,6.430000,6.080000,6.260000,5.996555,57387900
1452218400,6.380000,6.450000,6.130000,6.270000,6.006134,52100300
1452477600,6.270000,6.300000,6.050000,6.090000,5.833709,51334000
1452564000,6.120000,6.120000,5.510000,5.530000,5.297276,81627800
1452650400,5.700000,5.740000,5.250000,5.270000,5.048218,70874300
1452736800,5.310000,5.690000,5.130000,5.690000,5.450543,76854200
1452823200,5.350000,5.440000,5.160000,5.170000,4.952426,75571500
1453082400,5.190000,5.210000,4.800000,4.800000,4.597997,46407200
1453168800,5.030000,5.050000,4.640000,4.660000,4.463889,66529300
1453255200,4.500000,4.500000,4.260000,4.430000,4.243568,92914100
1453341600,4.370000,4.670000,4.360000,4.500000,4.310623,87455300
1453428000,4.730000,4.770000,4.400000,4.410000,4.224411,100576600
1453773600,4.230000,4.310000,4.120000,4.200000,4.023247,71933300
1453860000,4.220000,4.640000,4.160000,4.570000,4.377676,79437900
1453946400,4.670000,5.130000,4.350000,4.600000,4.406414,131960900
1454032800,4.700000,4.860000,4.520000,4.840000,4.636314,93013900
1454292000,4.740000,4.860000,4.660000,4.720000,4.521364,51910300
1454378400,4.560000,4.650000,4.300000,4.300000,4.119040,53610300
1454464800,4.420000,4.520000,4.220000,4.490000,4.301044,73786400
1454551200,4.560000,4.940000,4.360000,4.730000,4.530943,91974200
1454637600,4.730000,4.780000,4.530000,4.540000,4.348939,52704500
1455069600,4.300000,4.410000,4.280000,4.310000,4.128618,45747400
1455156000,4.200000,4.270000,4.120000,4.230000,4.051985,59451500
1455242400,4.370000,4.510000,4.300000,4.450000,4.262726,64027200
1455501600,4.560000,4.600000,4.520000,4.570000,4.377676,28490400
1455588000,4.500000,4.640000,4.420000,4.440000,4.253148,80343900
1455674400,4.540000,4.820000,4.510000,4.680000,4.483047,84473100
1455760800,4.690000,4.870000,4.550000,4.590000,4.396835,65026900
1455847200,4.500000,4.570000,4.400000,4.460000,4.272306,56031000
1456110000,4.670000,5.040000,4.630000,5.040000,4.827897,80150300
1456196400,4.950000,5.280000,4.820000,4.920000,4.712947,85037400
1456282800,4.770000,4.930000,4.650000,4.870000,4.665051,75039700
1456369200,4.810000,5.080000,4.790000,4.890000,4.684209,70393700
1456455600,5.020000,5.100000,4.830000,4.870000,4.665051,61396800
1456714800,5.080000,5.230000,4.980000,5.140000,4.923689,84165000
1456801200,5.310000,5.370000,5.100000,5.310000,5.086535,80939200
1456887600,5.210000,5.650000,5.150000,5.650000,5.412226,88545800
1456974000,6.570000,6.570000,6.570000,6.570000,6.293509,186772500
1457060400,6.570000,7.900000,6.570000,7.220000,6.916154,175922100
1457319600,7.250000,7.530000,6.950000,7.370000,7.059842,85041400
1457406000,7.370000,7.840000,7.080000,7.470000,7.155633,137169400
1457492400,7.700000,7.780000,7.360000,7.600000,7.280162,84821900
1457578800,7.800000,7.960000,7.310000,7.950000,7.615434,117672300
1457665200,7.940000,8.220000,7.670000,8.090000,7.749541,92331300
1457924400,8.130000,8.200000,7.400000,7.400000,7.088579,86084700
1458010800,6.830000,6.960000,6.560000,6.610000,6.331826,104913200
1458097200,6.510000,7.230000,6.410000,7.230000,6.925734,85533000
1458183600,8.150000,8.190000,7.710000,8.100000,7.759121,118294200
1458270000,8.090000,8.170000,7.720000,8.120000,7.778278,77182400
1458529200,8.080000,8.270000,7.930000,8.060000,7.720804,65837300
1458615600,7.850000,8.180000,7.730000,8.110000,7.768700,84549700
1458702000,7.880000,7.960000,7.660000,7.780000,7.452588,61437900
1458788400,7.530000,8.000000,7.320000,7.810000,7.481325,52343300
1459134000,8.150000,8.480000,7.910000,8.440000,8.084812,69818700
1459220400,8.340000,8.850000,8.190000,8.490000,8.132708,89050200
1459306800,8.700000,9.000000,8.280000,8.440000,8.084812,90059600
1459393200,8.310000,8.310000,8.310000,8.310000,7.960284,737700
1459479600,8.360000,8.360000,8.360000,8.360000,8.008179,374500
1459738800,7.540000,7.540000,7.540000,7.540000,7.222688,865300
1459825200,7.800000,7.800000,7.800000,7.800000,7.471746,684100
1459911600,7.580000,7.580000,7.580000,7.580000,7.261004,457400
1459998000,7.700000,7.700000,7.700000,7.700000,7.375954,324800
1460084400,8.130000,8.340000,8.040000,8.260000,7.912387,84448200
1460343600,8.390000,8.390000,8.390000,8.390000,8.036916,449600
1460430000,9.040000,9.040000,9.040000,9.040000,8.659562,648900
1460516400,9.490000,9.490000,9.490000,9.490000,9.090624,782300
1460602800,9.730000,9.770000,9.120000,9.160000,8.774511,77355500
1460689200,9.250000,9.830000,9.070000,9.690000,9.282207,95590000
1460948400,9.650000,9.720000,8.890000,9.240000,8.851146,88873100
1461034800,9.610000,9.610000,9.610000,9.610000,9.205573,370500
1461121200,9.400000,9.640000,9.340000,9.480000,9.081045,53295800
1461294000,9.320000,9.930000,9.290000,9.750000,9.339683,63322900
1461553200,9.710000,9.900000,9.330000,9.330000,8.937358,56585400
1461639600,9.480000,9.740000,9.340000,9.670000,9.263049,40460400
1461726000,9.850000,10.300000,9.770000,10.250000,9.818640,86397900
1461812400,10.230000,10.540000,10.080000,10.230000,9.799481,57741500
1461898800,10.230000,10.540000,10.010000,10.230000,9.799481,53931300
1462158000,10.250000,10.360000,9.930000,10.170000,9.742007,48618800
1462244400,10.010000,10.090000,9.710000,9.780000,9.368419,47074700
1462330800,9.850000,10.150000,9.850000,9.920000,9.502527,43389500
1462417200,10.280000,10.300000,9.600000,9.810000,9.397158,65074500
1462503600,9.630000,10.130000,9.580000,10.080000,9.655794,45330900
1462762800,10.010000,10.050000,8.840000,9.480000,9.081045,94688100
1462849200,9.820000,10.210000,9.720000,10.210000,9.780323,53055800
1462935600,10.390000,10.500000,9.990000,10.250000,9.818640,74542300
1463022000,10.400000,10.470000,9.790000,9.790000,9.377998,67229100
1463108400,9.930000,10.060000,9.390000,9.460000,9.061886,70472200
1463367600,9.550000,9.850000,9.520000,9.750000,9.339683,61487700
1463454000,9.830000,9.880000,9.460000,9.500000,9.100204,46379500
1463540400,9.310000,9.650000,9.270000,9.320000,8.927777,51929100
1463626800,9.250000,9.250000,8.650000,8.960000,8.582929,75430200
1463713200,9.200000,9.460000,8.900000,8.900000,8.525453,65173100
1463972400,8.550000,8.670000,8.420000,8.500000,8.142287,51330000
1464058800,8.690000,8.850000,8.450000,8.530000,8.171024,44823400
1464145200,8.680000,8.940000,8.590000,8.670000,8.305134,45512600
1464318000,8.500000,8.570000,8.230000,8.230000,7.883649,47488600
1464577200,8.180000,8.620000,8.060000,8.380000,8.027337,32281900
1464663600,8.360000,8.570000,8.040000,8.040000,7.701645,58662600
1464750000,8.090000,8.250000,7.860000,8.180000,7.835754,45884400
1464836400,8.190000,8.410000,8.030000,8.320000,7.969862,52835100
1464922800,8.510000,8.670000,8.450000,8.570000,8.209341,45595300
1465182000,8.700000,8.780000,8.450000,8.460000,8.103971,37117600
1465268400,8.420000,8.720000,8.390000,8.620000,8.257236,34401600
1465354800,8.800000,9.410000,8.800000,9.390000,8.994833,77194700
1465441200,9.280000,9.380000,9.050000,9.180000,8.793671,46539900
1465527600,8.970000,8.990000,8.780000,8.780000,8.410504,38859900
1465786800,8.580000,8.840000,8.520000,8.620000,8.257236,37094100
1465873200,8.600000,8.770000,8.250000,8.300000,7.950704,66180300
1465959600,8.300000,8.690000,8.270000,8.510000,8.151867,84556900
1466046000,8.410000,8.540000,8.280000,8.500000,8.142287,46834500
1466132400,8.750000,8.950000,8.730000,8.950000,8.573349,63144100
1466391600,9.220000,9.370000,9.120000,9.180000,8.793671,63791500
1466478000,9.090000,9.540000,8.940000,9.530000,9.128940,53703900
1466564400,9.610000,9.750000,9.340000,9.340000,8.946937,61983000
1466650800,9.590000,9.700000,9.510000,9.670000,9.263049,48031300
1466737200,9.000000,9.330000,8.920000,9.250000,8.860724,75974900
1466996400,9.220000,9.340000,8.780000,8.780000,8.410504,58818400
1467082800,9.100000,9.280000,9.070000,9.200000,8.812827,45291700
1467169200,9.430000,9.570000,9.320000,9.500000,9.100204,56093600
1467255600,9.420000,9.490000,9.240000,9.420000,9.023571,43741300
1467342000,9.480000,9.850000,9.370000,9.820000,9.406736,49290800
1467601200,9.950000,10.050000,9.790000,9.870000,9.454633,24505100
1467687600,9.650000,9.670000,9.230000,9.290000,8.899040,69691200
1467774000,9.090000,9.520000,8.950000,9.500000,9.100204,68781500
1467860400,9.660000,9.980000,9.520000,9.560000,9.157679,81610300
1467946800,9.850000,9.940000,9.670000,9.840000,9.425895,42647600
1468206000,10.000000,10.370000,9.980000,10.360000,9.924009,66717300
1468292400,10.610000,10.800000,10.580000,10.650000,10.201805,58174200
1468378800,10.470000,10.630000,10.210000,10.630000,10.182649,64252100
1468465200,10.920000,10.980000,10.660000,10.930000,10.470025,53059500
1468551600,10.910000,11.060000,10.820000,11.020000,10.556236,51223500
1468810800,10.970000,11.740000,10.870000,11.550000,11.063931,77358900
1468897200,11.510000,11.970000,11.500000,11.780000,11.284251,53692000
1468983600,11.820000,11.900000,11.540000,11.820000,11.322568,49261200
1469070000,11.770000,11.990000,11.730000,11.850000,11.351306,37748600
1469156400,11.840000,11.970000,11.720000,11.940000,11.437517,33938400
1469415600,11.980000,12.250000,11.910000,12.030000,11.523730,47192000
1469502000,11.950000,12.070000,11.850000,11.880000,11.380043,38304800
1469588400,11.990000,12.040000,11.510000,11.510000,11.025616,51952100
1469674800,11.400000,11.550000,11.150000,11.440000,10.958561,40663100
1469761200,11.760000,11.980000,11.610000,11.870000,11.370463,60740000
1470020400,11.930000,11.970000,11.220000,11.250000,10.776556,52012300
1470106800,11.330000,11.620000,11.100000,11.360000,10.881927,49134600
1470193200,11.580000,11.900000,11.330000,11.900000,11.399201,55695500
1470279600,11.930000,12.120000,11.870000,12.010000,11.504573,63207500
1470366000,12.120000,12.170000,11.650000,11.650000,11.159723,54225900
1470625200,11.790000,11.970000,11.700000,11.910000,11.408781,41552000
1470711600,11.920000,12.070000,11.750000,11.880000,11.380043,33596200
1470798000,11.950000,11.970000,11.560000,11.560000,11.073510,41638400
1470884400,11.630000,12.100000,11.600000,12.100000,11.590786,55881500
1470970800,12.050000,12.440000,11.980000,12.000000,11.494993,71281300
1471230000,12.190000,12.370000,12.070000,12.310000,11.791948,53568000
1471316400,12.310000,12.560000,12.140000,12.490000,11.964373,48218700
1471402800,12.470000,12.760000,12.320000,12.760000,12.223009,46809100
1471489200,12.800000,13.030000,12.780000,12.880000,12.337960,44941100
1471575600,12.820000,12.920000,12.700000,12.790000,12.251747,33360000
1471834800,12.630000,12.630000,12.300000,12.350000,11.830264,43258900
1471921200,12.480000,12.860000,12.420000,12.670000,12.136797,61048000
1472007600,12.500000,12.710000,12.370000,12.400000,11.878160,44694700
1472094000,12.420000,12.640000,12.350000,12.530000,12.002688,40290500
1472180400,12.690000,12.900000,12.450000,12.550000,12.021848,50650500
1472439600,12.500000,12.960000,12.450000,12.870000,12.328381,36990100
1472526000,13.040000,13.230000,12.970000,13.090000,12.539122,51893700
1472612400,13.130000,13.220000,12.710000,12.850000,12.309222,61016100
1472698800,12.970000,13.090000,12.760000,13.000000,12.452909,45370000
1472785200,13.220000,13.580000,13.150000,13.570000,12.998920,57017000
1473044400,13.790000,13.930000,13.730000,13.830000,13.247979,26292200
1473130800,13.690000,13.980000,13.530000,13.980000,13.391666,42086900
1473303600,14.070000,14.290000,13.960000,14.220000,13.621567,42797300
1473390000,13.960000,14.020000,13.510000,13.510000,12.941446,43155300
1473649200,13.320000,13.950000,13.270000,13.950000,13.362930,44141000
1473735600,13.700000,13.850000,12.940000,13.010000,12.462489,64134000
1473822000,13.150000,13.360000,12.970000,13.110000,12.558280,43932500
1473908400,13.210000,13.560000,13.160000,13.510000,12.941446,42169100
1473994800,13.340000,13.420000,13.160000,13.160000,12.606176,44651900
1474254000,13.420000,13.540000,13.020000,13.050000,12.500806,51105500
1474340400,13.450000,13.630000,13.330000,13.500000,12.931868,52063100
1474426800,13.600000,13.690000,13.400000,13.660000,13.085135,61094100
1474513200,13.890000,14.090000,13.840000,14.000000,13.410826,47574500
1474599600,13.980000,13.980000,13.540000,13.690000,13.113871,53264300
1474858800,13.590000,13.690000,13.390000,13.400000,12.836076,35545800
1474945200,13.400000,13.400000,12.870000,13.120000,12.567860,58098200
1475031600,13.300000,13.850000,13.120000,13.850000,13.267138,69032100
1475118000,13.800000,13.900000,13.430000,13.430000,12.864814,53143200
1475204400,13.530000,13.770000,13.440000,13.570000,12.998920,39275000
1475463600,13.670000,13.970000,13.620000,13.970000,13.382088,34444500
1475550000,13.980000,14.120000,13.830000,14.020000,13.429984,39717400
1475636400,14.190000,14.640000,14.160000,14.580000,13.966416,65242200
1475722800,14.710000,15.100000,14.620000,15.100000,14.464534,77003800
1475809200,15.230000,15.380000,14.970000,15.260000,14.617800,71691000
1476068400,15.520000,15.770000,15.510000,15.730000,15.068021,38724300
1476154800,15.610000,15.660000,15.290000,15.390000,14.742329,69314500
1476327600,15.190000,15.820000,15.030000,15.760000,15.096759,58212500
1476414000,16.010000,16.290001,15.980000,16.260000,15.575716,66150000
1476669600,16.240000,16.900000,16.070000,16.900000,16.188784,75002000
1476756000,17.209999,17.639999,17.180000,17.420000,16.686899,76995000
1476842400,17.719999,17.790001,17.340000,17.620001,16.878483,65212400
1476928800,17.309999,17.740000,17.219999,17.740000,16.993429,62901500
1477015200,17.650000,18.090000,17.480000,17.950001,17.194595,47961800
1477274400,18.260000,18.430000,18.000000,18.200001,17.434076,51678900
1477360800,18.219999,18.290001,17.709999,18.000000,17.242491,57674100
1477447200,17.700001,18.250000,17.610001,18.100000,17.338280,51424400
1477533600,18.110001,18.490000,18.090000,18.090000,17.328705,43645900
1477620000,17.990000,18.290001,17.950001,18.090000,17.328705,37689700
1477879200,18.030001,18.170000,17.610001,17.690001,16.945538,42059100
1477965600,17.879999,17.879999,16.559999,16.860001,16.150465,68718800
1478138400,16.629999,17.030001,16.129999,16.129999,15.451186,56998700
1478224800,16.469999,16.580000,15.910000,15.990000,15.317079,61347700
1478484000,16.709999,17.209999,16.709999,17.209999,16.485735,51625300
1478570400,17.100000,17.480000,16.730000,17.040001,16.322893,56241000
1478656800,15.850000,17.100000,15.810000,16.650000,15.949303,111417100
1478743200,17.100000,17.180000,15.500000,15.500000,14.847699,94683900
1478829600,15.180000,15.460000,13.940000,14.010000,13.420405,129811400
1479088800,13.800000,14.180000,13.330000,14.000000,13.410826,86623000
1479261600,14.550000,14.960000,14.180000,14.740000,14.119683,77406600
1479348000,15.150000,15.320000,14.290000,14.290000,13.688621,51535300
1479434400,14.370000,14.690000,14.210000,14.520000,13.908943,55041300
1479693600,15.050000,15.580000,14.880000,15.580000,14.924334,59122000
1479780000,15.930000,16.080000,15.250000,15.930000,15.259604,58636100
1479866400,15.720000,15.990000,15.530000,15.850000,15.182971,42490100
1479952800,15.900000,15.900000,15.580000,15.580000,14.924334,14725000
1480039200,15.250000,15.520000,15.050000,15.300000,14.656117,47630600
1480298400,15.200000,15.560000,15.200000,15.460000,14.809383,38747500
1480384800,15.300000,15.380000,14.590000,14.660000,14.043051,54075900
1480471200,15.900000,16.190001,15.610000,16.000000,15.326657,82547300
1480557600,16.000000,16.350000,15.330000,15.440000,14.790225,66775400
1480644000,15.120000,15.910000,14.750000,15.830000,15.163812,58381500
1480903200,16.010000,16.090000,15.550000,15.660000,15.000966,47586500
1480989600,16.000000,16.200001,15.740000,16.150000,15.470345,63916700
1481076000,16.299999,16.330000,15.770000,15.860000,15.192549,50247400
1481162400,15.970000,16.000000,15.520000,15.700000,15.039284,41104800
1481248800,15.880000,15.900000,15.520000,15.580000,14.924334,37161200
1481508000,15.790000,15.950000,15.480000,15.600000,14.943492,35436700
1481594400,15.550000,15.690000,15.380000,15.450000,14.799806,33455000
1481680800,15.430000,15.470000,14.740000,14.740000,14.119683,44215700
1481767200,14.780000,14.910000,14.330000,14.850000,14.225056,43338800
1481853600,14.900000,15.140000,14.760000,14.760000,14.138842,37876200
1482112800,14.880000,14.890000,14.350000,14.360000,13.755675,39128600
1482199200,14.460000,14.590000,14.100000,14.350000,13.746098,31810000
1482285600,14.450000,14.480000,14.040000,14.340000,13.736518,32856800
1482372000,14.460000,14.460000,14.010000,14.010000,13.420405,42240500
1482458400,14.050000,14.350000,14.010000,14.240000,13.640726,21776900
1482717600,14.320000,14.450000,14.270000,14.420000,13.813150,5734300
1482804000,14.500000,14.550000,14.260000,14.410000,13.803572,14949200
1482890400,14.430000,14.810000,14.360000,14.780000,14.158000,18979900
1482976800,14.850000,14.880000,14.520000,14.870000,14.244211,18090600
1483322400,14.640000,14.700000,14.600000,14.660000,14.043051,7525700
1483408800,14.950000,15.650000,14.950000,15.500000,14.847699,39947800
1483495200,15.450000,15.680000,15.310000,15.500000,14.847699,37071700
1483581600,15.700000,15.910000,15.620000,15.750000,15.087179,47586300
1483668000,15.780000,15.920000,15.500000,15.660000,15.000966,25592000
1483927200,15.500000,15.600000,15.330000,15.330000,14.684854,25599000
1484013600,15.600000,15.680000,15.390000,15.480000,14.828542,26239900
1484100000,15.640000,15.680000,15.270000,15.660000,15.000966,34399300
1484186400,16.150000,16.250000,15.900000,15.900000,15.230867,49890300
1484272800,15.770000,15.950000,15.570000,15.680000,15.020124,34450000
1484532000,15.700000,15.750000,15.580000,15.750000,15.087179,20069600
1484618400,15.730000,15.970000,15.720000,15.820000,15.154233,28663300
1484704800,15.800000,15.930000,15.710000,15.790000,15.125495,24725200
1484791200,15.820000,15.880000,15.580000,15.770000,15.106339,21677600
1484877600,15.840000,16.190001,15.810000,16.000000,15.326657,34863500
1485136800,15.940000,16.090000,15.790000,15.990000,15.317079,25139100
1485223200,16.120001,16.430000,15.970000,16.040001,15.364975,49710600
1485396000,16.150000,16.190001,15.800000,15.800000,15.135075,37391900
1485482400,15.730000,15.870000,15.540000,15.620000,14.962650,23275300
1485741600,15.510000,15.530000,14.840000,14.840000,14.215476,26779500
1485828000,14.990000,15.370000,14.900000,15.020000,14.387899,30807200
1485914400,15.260000,15.410000,14.910000,15.020000,14.387899,35977000
1486000800,14.990000,15.280000,14.860000,14.890000,14.263371,39306700
1486087200,14.920000,15.340000,14.770000,15.340000,14.694433,40213400
1486346400,15.380000,15.470000,14.950000,14.960000,14.330425,29686500
1486432800,15.100000,15.160000,14.700000,14.700000,14.081367,29163900
1486519200,14.770000,15.100000,14.270000,15.100000,14.464534,58912900
1486605600,15.180000,15.240000,14.960000,15.050000,14.416637,33910300
1486692000,15.200000,15.630000,15.140000,15.580000,14.924334,44467000
1486951200,15.770000,15.910000,15.550000,15.620000,14.962650,36439100
1487037600,15.740000,15.950000,15.560000,15.820000,15.154233,34417400
1487124000,15.910000,16.049999,15.780000,15.840000,15.173392,47953300
1487210400,15.840000,16.070000,15.750000,15.860000,15.192549,37276900
1487296800,15.740000,15.900000,15.600000,15.610000,14.953071,24866600
1487559600,15.740000,15.980000,15.650000,15.920000,15.250025,33514000
1487646000,16.100000,16.230000,16.040001,16.090000,15.412870,33685800
1487732400,16.000000,16.020000,15.570000,15.700000,15.039284,45255400
1487818800,15.940000,16.100000,15.480000,15.560000,14.905175,41208700
1487905200,15.350000,15.470000,15.100000,15.180000,14.541166,30412200
1488337200,15.510000,15.550000,15.320000,15.520000,14.866858,25661000
1488423600,15.440000,15.450000,14.990000,15.110000,14.474113,38490800
1488510000,15.220000,15.340000,15.040000,15.320000,14.675276,24516800
1488769200,15.110000,15.470000,15.040000,15.100000,14.464534,23325000
1488855600,15.180000,15.380000,15.120000,15.180000,14.541166,30927300
1488942000,15.160000,15.180000,14.550000,14.550000,13.937679,49300700
1489028400,14.340000,14.590000,14.170000,14.500000,13.889785,46467600
1489114800,14.720000,14.880000,14.240000,14.310000,13.707780,42454600
1489374000,14.330000,14.400000,14.160000,14.370000,13.765254,28295100
1489460400,14.070000,14.100000,13.590000,13.590000,13.018081,67172700
1489546800,13.860000,14.200000,13.550000,14.200000,13.602409,55593200
1489633200,14.260000,14.320000,13.680000,13.710000,13.133030,35362300
1489719600,13.810000,13.880000,13.050000,13.160000,12.606176,81797400
1489978800,12.980000,13.670000,12.910000,13.600000,13.027659,52351600
1490065200,13.610000,13.630000,12.820000,13.000000,12.452909,46384300
1490151600,13.200000,13.720000,13.030000,13.660000,13.085135,62807700
1490238000,13.480000,13.820000,13.420000,13.570000,12.998920,36467200
1490324400,13.700000,13.770000,13.340000,13.480000,12.912709,30084700
1490583600,13.240000,13.790000,13.020000,13.770000,13.190506,32021200
1490670000,13.900000,14.110000,13.770000,13.950000,13.362930,44850600
1490756400,14.040000,14.490000,13.930000,14.450000,13.841887,43051400
1490842800,14.550000,14.640000,14.350000,14.450000,13.841887,32928600
1490929200,14.360000,14.650000,14.260000,14.490000,13.880204,33553000
1491188400,14.540000,14.750000,14.530000,14.670000,14.052629,39427200
1491274800,14.670000,14.890000,14.570000,14.850000,14.225056,24132000
1491361200,15.050000,15.160000,14.500000,14.570000,13.956838,49920900
1491447600,14.620000,14.870000,14.420000,14.530000,13.918522,34602700
1491534000,14.610000,14.900000,14.600000,14.700000,14.081367,33024900
1491793200,14.900000,14.940000,14.700000,14.940000,14.311266,37906000
1491879600,14.970000,14.990000,14.550000,14.680000,14.062210,38593200
1491966000,14.600000,14.830000,14.580000,14.650000,14.033471,42628900
1492052400,14.650000,14.690000,14.080000,14.080000,13.487458,44572600
1492398000,14.140000,14.350000,13.970000,14.280000,13.679042,46459500
1492484400,14.150000,14.370000,13.950000,14.100000,13.506618,45349800
1492570800,14.240000,14.280000,13.550000,13.600000,13.027659,41014100
1492657200,13.800000,13.900000,13.630000,13.880000,13.295877,28227600
1493002800,14.130000,14.160000,13.920000,14.030000,13.439564,27546200
1493089200,13.900000,14.340000,13.800000,14.340000,13.736518,32268100
1493175600,14.160000,14.490000,14.000000,14.000000,13.410826,37045000
1493262000,13.990000,14.030000,13.560000,13.730000,13.152188,29078500
1493348400,13.850000,14.100000,13.690000,13.970000,13.382088,31061200
1493694000,14.060000,14.340000,13.850000,13.990000,13.401246,37830100
1493780400,14.040000,14.250000,13.950000,14.160000,13.564092,38357600
1493866800,14.000000,14.000000,13.580000,13.600000,13.027659,37695400
1493953200,13.690000,14.210000,13.660000,14.210000,13.611988,32788100
1494212400,14.130000,14.350000,13.980000,14.080000,13.487458,36464300
1494298800,14.150000,14.240000,14.040000,14.140000,13.544933,28008600
1494385200,14.340000,14.750000,14.310000,14.730000,14.110104,46271700
1494471600,14.880000,14.920000,14.640000,14.820000,14.196317,29318000
1494558000,15.500000,15.580000,15.350000,15.450000,14.799806,83518200
1494817200,15.770000,15.870000,15.650000,15.680000,15.020124,46914700
1494903600,15.770000,15.780000,15.520000,15.700000,15.039284,34469300
1494990000,15.560000,15.720000,15.510000,15.610000,14.953071,30023400
1495076400,12.450000,14.000000,12.450000,13.150000,12.596598,142924900
1495162800,13.750000,13.900000,13.460000,13.620000,13.046819,70983900
1495422000,13.350000,13.510000,13.000000,13.400000,12.836076,55014900
1495508400,13.450000,13.600000,13.380000,13.490000,12.922289,48520100
1495594800,13.750000,14.090000,13.690000,14.050000,13.458721,54065800
1495681200,13.970000,14.190000,13.630000,13.740000,13.161767,45030800
1495767600,13.470000,13.790000,13.400000,13.680000,13.104293,63326900
1496026800,13.680000,13.680000,13.680000,13.680000,13.104293,0
1496113200,13.550000,13.640000,13.360000,13.360000,12.797759,34663800
1496199600,13.210000,13.310000,12.950000,12.960000,12.414594,45628800
1496286000,13.160000,13.290000,12.820000,12.820000,12.280485,42873400
1496372400,12.790000,13.050000,12.680000,13.050000,12.500806,43192600
1496631600,12.960000,13.240000,12.920000,13.180000,12.625335,31419400
1496718000,13.230000,13.330000,13.030000,13.180000,12.625335,35558700
1496804400,13.280000,13.340000,12.810000,12.870000,12.328381,44355600
1496890800,12.780000,12.960000,12.710000,12.840000,12.299643,27749200
1496977200,12.960000,13.100000,12.830000,12.850000,12.309222,30382100
1497236400,12.970000,13.030000,12.770000,12.900000,12.357120,30680700
1497322800,12.950000,13.020000,12.770000,12.940000,12.395433,22891000
1497409200,12.940000,13.040000,12.610000,12.620000,12.088901,67382800
1497495600,12.620000,12.620000,12.620000,12.620000,12.088901,0
1497582000,12.580000,12.590000,12.210000,12.280000,11.763210,73551400
1497841200,12.310000,12.470000,12.220000,12.290000,11.772789,45926200
1497927600,12.120000,12.130000,11.760000,11.860000,11.360884,54014700
1498014000,11.950000,12.120000,11.590000,11.640000,11.150144,58778300
1498100400,11.760000,12.040000,11.720000,12.040000,11.533310,42284600
1498186800,12.110000,12.150000,11.870000,11.930000,11.427939,33601000
1498446000,12.100000,12.300000,12.040000,12.270000,11.753632,42731300
1498532400,12.340000,12.480000,12.130000,12.210000,11.696157,45097600
1498618800,12.270000,12.320000,12.010000,12.080000,11.571627,32077400
1498705200,12.260000,12.300000,12.090000,12.180000,11.667418,24380300
1498791600,12.250000,12.480000,12.190000,12.370000,11.849422,29687600
1499050800,12.280000,12.410000,12.220000,12.360000,11.839843,31542500
1499137200,12.340000,12.430000,12.320000,12.430000,11.906898,12523500
1499223600,12.380000,12.520000,12.120000,12.210000,11.696157,41958400
1499310000,12.280000,12.360000,12.080000,12.170000,11.657840,51976900
1499396400,12.130000,12.170000,11.850000,11.930000,11.427939,42677000
1499655600,11.830000,12.010000,11.740000,11.980000,11.475836,21748800
1499742000,11.950000,12.450000,11.900000,12.330000,11.811106,45500900
1499828400,12.640000,12.990000,12.510000,12.940000,12.395433,66332200
1499914800,12.960000,13.040000,12.800000,12.870000,12.328381,32983300
1500001200,12.960000,13.060000,12.910000,13.050000,12.500806,35977500
1500260400,13.030000,13.050000,12.870000,12.890000,12.347540,28118700
1500346800,13.000000,13.020000,12.830000,12.940000,12.395433,19300700
1500433200,13.000000,13.270000,12.970000,13.230000,12.673230,36513700
1500519600,13.290000,13.350000,13.030000,13.100000,12.548700,30114300
1500606000,13.000000,13.040000,12.670000,12.690000,12.155955,38738300
1500865200,12.830000,12.920000,12.770000,12.880000,12.337960,16250400
1500951600,13.010000,13.250000,13.010000,13.220000,12.663652,29930100
1501038000,13.300000,13.340000,12.980000,13.060000,12.510385,29333000
1501124400,13.050000,13.170000,13.000000,13.000000,12.452909,21825900
1501210800,12.980000,13.130000,12.910000,13.130000,12.577438,20980200
1501470000,13.220000,13.310000,13.070000,13.290000,12.730706,31397700
1501556400,13.300000,13.320000,13.080000,13.120000,12.567860,22999400
1501642800,13.130000,13.610000,13.080000,13.510000,12.941446,46342000
1501729200,13.570000,13.660000,13.310000,13.310000,12.749865,31300700
1501815600,13.410000,13.480000,13.260000,13.400000,12.836076,21560500
1502074800,13.350000,13.620000,13.330000,13.550000,12.979765,29832200
1502161200,13.500000,13.690000,13.460000,13.490000,12.922289,28907900
1502247600,13.510000,13.610000,13.440000,13.520000,12.951027,26980300
1502334000,13.600000,13.660000,13.150000,13.190000,12.634914,56194400
1502420400,13.140000,13.200000,12.940000,12.950000,12.405013,43025100
1502679600,12.980000,13.220000,12.910000,13.080000,12.529543,31607400
1502766000,13.080000,13.240000,13.050000,13.150000,12.596598,24737300
1502852400,13.300000,13.380000,13.100000,13.130000,12.577438,44946600
1502938800,13.120000,13.260000,13.020000,13.050000,12.500806,23503300
1503025200,13.160000,13.600000,13.160000,13.600000,13.027659,66263500
1503284400,13.640000,13.660000,13.280000,13.340000,12.778602,40485900
1503370800,13.700000,13.870000,13.640000,13.790000,13.209664,55240700
1503457200,13.780000,13.930000,13.650000,13.760000,13.180926,47679700
1503543600,13.780000,13.890000,13.680000,13.800000,13.219243,32300600
1503630000,13.870000,13.940000,13.810000,13.880000,13.295877,24185600
1503889200,13.930000,14.030000,13.760000,13.870000,13.286297,27208100
1503975600,13.760000,13.850000,13.680000,13.850000,13.267138,27306400
1504062000,13.790000,13.900000,13.440000,13.450000,12.883971,58871700
1504148400,13.530000,13.770000,13.470000,13.650000,13.075555,82909400
1504234800,13.850000,14.190000,13.820000,14.020000,13.429984,60260300
1504494000,13.960000,14.180000,13.940000,14.170000,13.573671,18139300
1504580400,14.570000,14.650000,14.230000,14.410000,13.803572,56476800
1504666800,14.650000,15.020000,14.510000,15.020000,14.387899,68418200
1504753200,15.020000,15.020000,15.020000,15.020000,14.387899,0
1504839600,15.100000,15.150000,14.690000,14.710000,14.090947,36337400
1505098800,14.880000,15.050000,14.810000,14.990000,14.359163,34915900
1505185200,14.980000,15.160000,14.860000,14.870000,14.244211,49702800
1505271600,14.940000,15.100000,14.810000,15.030000,14.397478,37010200
1505358000,15.030000,15.260000,15.020000,15.040000,14.407059,34413800
1505444400,15.070000,15.170000,14.990000,15.040000,14.407059,47784700
1505703600,15.020000,15.190000,14.980000,15.040000,14.407059,47601200
1505790000,15.100000,15.170000,14.920000,15.140000,14.502851,35822100
1505876400,15.250000,15.880000,15.070000,15.870000,15.202129,80267000
1505962800,15.850000,15.960000,15.580000,15.670000,15.010545,46258800
1506049200,15.600000,15.800000,15.430000,15.690000,15.029704,40928300
1506308400,15.790000,15.960000,15.700000,15.840000,15.173392,36733200
1506394800,15.860000,15.900000,15.560000,15.560000,14.905175,37874200
1506481200,15.700000,15.720000,15.110000,15.310000,14.665697,41819300
1506567600,15.370000,15.500000,15.220000,15.340000,14.694433,33829000
1506654000,15.500000,15.520000,15.300000,15.300000,14.656117,28638300
1506913200,15.190000,15.400000,15.060000,15.400000,14.751908,29826200
1506999600,15.600000,15.980000,15.520000,15.980000,15.307499,50636700
1507086000,15.900000,15.940000,15.650000,15.660000,15.000966,47798600
1507172400,15.880000,16.110001,15.850000,15.900000,15.230867,55361300
1507258800,15.660000,15.770000,15.540000,15.690000,15.029704,41741300
1507518000,15.610000,15.890000,15.590000,15.890000,15.221288,27904700
1507604400,16.129999,16.190001,16.010000,16.190001,15.508662,47066600
1507690800,16.170000,16.250000,16.010000,16.080000,15.403291,40422100
1507777200,16.080000,16.080000,16.080000,16.080000,15.403291,0
1507863600,16.230000,16.290001,16.059999,16.080000,15.403291,24210000
1508119200,16.160000,16.260000,16.000000,16.120001,15.441608,44699700
1508205600,16.139999,16.219999,16.070000,16.129999,15.451186,25524800
1508292000,16.219999,16.280001,16.129999,16.160000,15.479924,25706200
1508378400,16.000000,16.160000,15.900000,16.150000,15.470345,24672800
1508464800,16.190001,16.389999,16.170000,16.219999,15.537399,32417500
1508724000,16.290001,16.290001,16.120001,16.200001,15.518243,29389900
1508810400,16.290001,16.510000,16.120001,16.510000,15.815195,46249500
1508896800,16.530001,16.730000,16.450001,16.719999,16.016357,37608200
1508983200,16.780001,16.889999,16.660000,16.730000,16.025936,37848300
1509069600,16.770000,17.090000,16.650000,17.030001,16.313313,45640100
1509328800,16.969999,17.170000,16.740000,16.780001,16.073832,55355600
1509415200,16.900000,16.950001,16.719999,16.770000,16.064255,32249000
1509501600,16.990000,17.100000,16.879999,16.900000,16.188784,38876600
1509588000,16.900000,16.900000,16.900000,16.900000,16.188784,0
1509674400,16.959999,17.010000,16.680000,16.940001,16.227098,32605400
1509933600,17.049999,17.440001,16.980000,17.430000,16.696482,46056100
1510020000,17.309999,17.350000,16.500000,16.500000,15.805616,61098400
1510106400,16.690001,16.950001,16.510000,16.950001,16.236677,41179600
1510192800,16.889999,16.940001,16.719999,16.719999,16.016357,29399400
1510279200,16.709999,16.809999,16.510000,16.719999,16.016357,35959400
1510538400,16.690001,16.770000,16.389999,16.639999,15.939723,28697700
1510624800,16.639999,16.639999,15.280000,15.350000,14.704012,88765600
1510711200,15.350000,15.350000,15.350000,15.350000,14.704012,0
1510797600,15.620000,16.040001,15.480000,15.810000,15.144655,42703800
1510884000,15.920000,16.120001,15.810000,16.020000,15.345818,38376900
1511143200,16.020000,16.020000,16.020000,16.020000,15.345818,0
1511229600,16.150000,16.309999,15.850000,15.900000,15.230867,45817800
1511316000,16.090000,16.240000,15.930000,16.110001,15.432029,37444900
1511402400,15.980000,16.260000,15.940000,16.190001,15.508662,15403600
1511488800,16.250000,16.370001,16.040001,16.100000,15.422450,18790700
1511748000,16.010000,16.020000,15.780000,15.870000,15.202129,28445800
1511834400,15.930000,16.040001,15.810000,15.840000,15.173392,30429600
1511920800,15.870000,15.920000,15.320000,15.330000,14.684854,45973000
1512007200,15.300000,15.470000,14.990000,15.380000,14.732750,52811400
1512093600,15.340000,15.770000,15.260000,15.610000,14.953071,42703800
1512352800,15.650000,15.800000,15.460000,15.480000,14.828542,43821500
1512439200,15.500000,15.830000,15.210000,15.310000,14.665697,30228000
1512525600,15.220000,15.700000,15.140000,15.520000,14.866858,39238500
1512612000,15.300000,15.490000,15.070000,15.260000,14.617800,37281400
1512698400,15.510000,15.680000,15.350000,15.350000,14.704012,39584500
1512957600,15.480000,15.570000,15.370000,15.380000,14.732750,21281600
1513044000,15.360000,15.490000,15.180000,15.490000,14.838120,36201200
1513130400,15.650000,15.680000,15.110000,15.180000,14.541166,46828900
1513216800,15.100000,15.310000,15.000000,15.010000,14.378323,37177300
1513303200,15.050000,15.240000,14.950000,14.950000,14.320846,55668300
1513562400,15.160000,15.330000,15.130000,15.220000,14.579484,42760400
1513648800,15.180000,15.250000,15.060000,15.140000,14.502851,22639700
1513735200,15.210000,15.300000,15.170000,15.240000,14.598641,20149700
1513821600,15.310000,15.870000,15.300000,15.860000,15.192549,47219400
1513908000,15.750000,15.890000,15.690000,15.750000,15.087179,18708500
1514167200,15.750000,15.750000,15.750000,15.750000,15.087179,0
1514253600,15.750000,15.990000,15.690000,15.970000,15.297921,22173100
1514340000,15.990000,16.139999,15.980000,16.049999,15.374554,23552200
1514426400,16.100000,16.129999,16.000000,16.100000,15.422450,19011500
1514512800,16.100000,16.100000,16.100000,16.100000,15.422450,0
1514858400,16.190001,16.549999,16.190001,16.549999,15.853512,33461800
1514944800,16.490000,16.719999,16.370001,16.700001,15.997202,55940900
1515031200,16.780001,16.959999,16.620001,16.730000,16.025936,37064900
1515117600,16.700001,16.860001,16.570000,16.830000,16.121729,26958200
1515376800,16.740000,17.030001,16.709999,17.030001,16.313313,28400000
1515463200,17.030001,17.160000,16.959999,17.030001,16.313313,35070900
1515549600,16.920000,17.049999,16.770000,16.799999,16.092987,28547700
1515636000,16.879999,17.299999,16.840000,17.250000,16.524054,37921500
1515722400,17.040001,17.410000,17.020000,17.299999,16.571949,45912100
1515981600,17.320000,17.440001,17.150000,17.350000,16.619844,28945400
1516068000,17.350000,17.840000,17.299999,17.650000,16.907219,58618300
1516154400,17.920000,18.360001,17.809999,18.360001,17.587341,58488900
1516240800,18.350000,18.530001,17.930000,18.219999,17.453232,48575800
1516327200,18.309999,18.420000,18.030001,18.260000,17.491549,33470200
1516586400,18.260000,18.469999,18.090000,18.469999,17.692709,33920000
1516672800,18.400000,18.459999,18.000000,18.240000,17.472389,35567700
1516759200,18.420000,19.629999,18.420000,19.340000,18.526098,89768200
1516845600,19.340000,19.340000,19.340000,19.340000,18.526098,0
1516932000,19.620001,19.980000,19.100000,19.930000,19.091267,81989500
1517191200,19.670000,20.049999,19.570000,19.850000,19.014635,55726200
1517277600,19.770000,19.770000,19.360001,19.490000,18.669785,46203000
1517364000,19.740000,19.930000,19.680000,19.700001,18.870947,41576600
1517450400,19.760000,20.620001,19.760000,20.520000,19.656439,51950200
1517536800,20.299999,20.420000,19.850000,19.969999,19.129583,50657800
1517796000,19.650000,19.969999,19.040001,19.040001,18.238722,62268600
1517882400,18.660000,19.990000,18.620001,19.990000,19.148743,74146500
1517968800,19.969999,20.219999,19.360001,19.440001,18.621891,61910300
1518055200,19.549999,19.740000,18.799999,19.049999,18.248301,51115100
1518141600,19.030001,19.389999,18.510000,18.770000,17.980085,68727600
1518573600,19.010000,19.360001,18.959999,19.250000,18.439888,43402800
1518660000,19.500000,19.540001,19.170000,19.400000,18.583572,31978000
1518746400,19.459999,19.580000,19.309999,19.420000,18.602730,34736300
1519009200,19.549999,20.100000,19.549999,20.049999,19.206221,40925500
1519095600,19.879999,20.820000,19.820000,20.440001,19.579807,67418700
1519182000,20.590000,20.879999,20.250000,20.250000,19.397800,55678400
1519268400,20.590000,20.820000,20.540001,20.740000,19.867180,38170900
1519354800,20.950001,21.139999,20.620001,21.120001,20.231190,55755600
1519614000,21.400000,21.690001,21.379999,21.520000,20.614355,48160500
1519700400,21.469999,21.850000,21.340000,21.500000,20.595196,42912500
1519786800,21.629999,21.770000,21.180000,21.459999,20.556879,66229400
1519873200,21.400000,21.459999,20.760000,21.030001,20.144978,66380900
1519959600,20.700001,21.510000,20.510000,21.510000,20.604774,52682900
1520218800,21.490000,22.170000,21.360001,22.120001,21.189106,54242600
1520305200,22.500000,22.629999,21.860001,21.900000,20.978361,57240800
1520391600,21.690001,21.969999,21.370001,21.670000,20.758043,50956600
1520478000,21.850000,21.879999,21.320000,21.700001,20.786781,36156800
1520564400,21.780001,22.389999,21.590000,22.389999,21.447741,45560000
1520823600,22.540001,22.590000,22.230000,22.330000,21.390268,32363900
1520910000,22.450001,22.540001,22.059999,22.110001,21.179525,34732800
1520996400,22.299999,22.440001,22.090000,22.379999,21.438164,31947600
1521082800,22.049999,22.180000,21.309999,21.309999,20.413193,81097800
1521169200,21.469999,21.740000,21.230000,21.430000,20.528145,57891900
1521428400,21.270000,21.360001,20.860001,20.930000,20.049183,42218400
1521514800,21.180000,21.410000,21.110001,21.160000,20.269505,30106800
1521601200,21.250000,22.090000,21.200001,22.049999,21.122047,53106300
1521687600,21.860001,22.040001,21.580000,21.719999,20.805939,50033300
1521774000,21.610001,22.110001,21.530001,21.750000,20.834675,52815800
1522033200,22.070000,22.200001,21.840000,22.030001,21.102892,30174900
1522119600,22.139999,22.180000,21.370001,21.440001,20.537722,43568100
1522206000,21.260000,21.410000,20.990000,21.200001,20.307823,38539300
1522292400,21.260000,21.559999,21.230000,21.410000,20.508984,34318800
1522638000,21.360001,21.459999,20.770000,20.900000,20.020447,37275000
1522724400,21.110001,21.190001,20.660000,20.709999,19.838444,39245800
1522810800,20.309999,20.600000,20.110001,20.379999,19.522329,58475700
1522897200,21.150000,21.330000,21.030001,21.150000,20.259924,88599000
1522983600,20.980000,21.280001,20.830000,21.280001,20.384459,47908900
1523242800,21.430000,21.440001,20.530001,20.530001,19.666019,44248900
1523329200,20.910000,21.510000,20.760000,21.400000,20.499405,58545100
1523415600,21.350000,21.900000,21.330000,21.799999,20.882572,62378300
1523502000,21.790001,21.940001,21.680000,21.680000,20.767620,36238700
1523588400,21.639999,21.740000,21.059999,21.200001,20.307823,43347800
1523847600,21.049999,21.240000,20.600000,20.620001,19.752234,48474200
1523934000,20.700001,21.080000,20.620001,21.030001,20.144978,36570400
1524020400,21.350000,21.870001,21.309999,21.799999,20.882572,65237400
1524106800,22.070000,22.400000,21.930000,22.200001,21.265738,62475200
1524193200,22.059999,22.459999,21.900000,22.360001,21.419006,61494800
1524452400,22.090000,22.480000,21.940001,22.480000,21.533955,37023300
1524538800,22.600000,22.770000,22.230000,22.400000,21.457323,46710300
1524625200,22.010000,22.129999,21.670000,21.730000,20.815517,68160600
1524711600,22.000000,22.629999,21.969999,22.629999,21.677643,56674700
1524798000,22.840000,22.930000,22.660000,22.709999,21.754272,37858300
1525057200,22.730000,23.020000,22.629999,22.969999,22.003332,23681500
1525230000,22.670000,22.930000,22.510000,22.600000,21.648905,31778100
1525316400,22.540001,22.639999,21.969999,22.450001,21.505219,48855700
1525402800,22.450001,22.639999,22.270000,22.270000,21.332794,33599400
1525662000,22.570000,23.170000,22.490000,22.650000,21.696800,47815100
1525748400,23.059999,23.150000,22.520000,22.910000,21.945860,81198700
1525834800,23.299999,24.799999,23.219999,24.780001,23.737164,118032300
1525921200,25.139999,26.490000,24.920000,25.750000,24.666338,126907200
1526007600,25.830000,26.309999,25.420000,25.440001,24.369389,72996400
1526266800,25.850000,26.480000,25.809999,26.240000,25.135719,66938700
1526353200,26.350000,26.900000,25.889999,26.790001,25.662575,75230200
1526439600,26.870001,27.530001,26.840000,27.389999,26.237322,64486500
1526526000,27.350000,27.600000,25.469999,25.950001,24.857925,112487000
1526612400,25.010000,26.170000,24.959999,25.650000,24.570551,83206900
1526871600,26.100000,26.290001,24.940001,25.049999,23.995800,75971900
1526958000,24.809999,25.290001,24.150000,24.709999,23.717447,88109900
1527044400,24.230000,24.480000,23.270000,23.270000,22.335289,74622500
1527130800,20.049999,20.750000,19.650000,20.080000,19.273424,240343800
1527217200,20.650000,21.270000,19.660000,19.799999,19.004671,131188100
1527476400,19.200001,19.200001,16.910000,16.910000,16.230761,134504900
1527562800,18.000000,19.440001,17.600000,19.299999,18.524754,181509800
1527649200,18.389999,19.969999,18.129999,18.980000,18.217609,125430000
1527822000,19.559999,19.750000,14.900000,16.160000,15.510883,216954700
1528081200,17.290001,17.639999,17.049999,17.530001,16.825853,93547600
1528167600,17.360001,17.799999,16.590000,16.590000,15.923612,67006400
1528254000,16.469999,16.680000,15.870000,16.330000,15.674055,69496800
1528340400,16.000000,16.160000,14.930000,15.760000,15.126951,118752700
1528426800,15.810000,16.190001,15.060000,15.250000,14.637437,91461500
1528686000,15.500000,15.800000,15.130000,15.410000,14.791010,44872500
1528772400,15.480000,15.680000,15.240000,15.460000,14.839002,69592600
1528858800,15.420000,15.500000,14.740000,15.170000,14.560650,72301200
1528945200,15.330000,15.550000,15.050000,15.100000,14.493464,57324600
1529031600,15.030000,15.070000,14.470000,14.970000,14.368685,75239300
1529290800,14.770000,14.890000,14.500000,14.500000,13.917563,47363800
1529377200,14.260000,15.720000,14.170000,15.420000,14.800608,97301500
1529463600,15.840000,16.480000,15.800000,16.209999,15.558875,88397300
1529550000,16.090000,16.320000,15.100000,15.100000,14.493464,67884300
1529636400,15.410000,15.680000,15.010000,15.110000,14.503060,52184500
1529895600,15.200000,15.790000,15.060000,15.700000,15.069362,60347200
1529982000,15.900000,16.120001,15.530000,16.040001,15.395704,59595900
1530068400,16.100000,16.980000,16.059999,16.549999,15.885218,78095000
1530154800,16.719999,17.070000,16.330000,16.600000,15.933210,94960700
1530241200,16.850000,17.190001,16.730000,17.190001,16.499510,75735100
1530500400,16.990000,17.480000,16.900000,17.469999,16.768263,54545600
1530586800,17.740000,17.889999,17.459999,17.500000,16.797060,57456700
1530673200,17.379999,18.450001,17.240000,17.610001,16.902641,54211000
1530759600,18.600000,18.799999,17.650000,17.860001,17.142599,76084700
1530846000,17.969999,18.090000,17.650000,17.940001,17.219387,33878700
1531191600,18.340000,18.350000,17.549999,17.750000,17.037016,70886200
1531278000,17.490000,18.080000,17.299999,17.410000,16.710674,85806300
1531364400,17.620001,18.020000,17.520000,17.950001,17.228983,49397900
1531450800,17.990000,18.180000,17.780001,18.110001,17.382557,44951900
1531710000,17.950001,17.980000,17.600000,17.879999,17.161795,62798900
1531796400,17.790001,18.400000,17.709999,18.290001,17.555328,40884300
1531882800,18.250000,18.400000,17.940001,18.049999,17.324966,40643800
1531969200,17.840000,18.400000,17.740000,18.400000,17.660906,60404900
1532055600,19.170000,19.480000,18.930000,19.290001,18.515160,98035200
1532314800,19.299999,19.469999,19.209999,19.260000,18.486364,35231500
1532401200,19.570000,19.870001,19.530001,19.660000,18.870296,39934600
1532487600,19.799999,20.000000,19.610001,19.959999,19.158247,48759900
1532574000,19.950001,19.950001,19.370001,19.410000,18.630337,48144300
1532660400,19.600000,19.809999,19.549999,19.770000,18.975878,36509400
1532919600,19.950001,20.100000,19.700001,19.889999,19.091059,37053900
1533006000,19.620001,19.790001,19.469999,19.719999,18.927887,38641200
1533092400,19.590000,20.010000,19.540001,20.010000,19.206238,39141700
1533178800,19.990000,20.780001,19.950001,20.410000,19.590170,69008900
1533265200,21.400000,21.549999,21.090000,21.110001,20.262053,86908000
1533524400,21.150000,21.469999,20.980000,21.040001,20.194864,44528300
1533610800,21.330000,21.459999,20.570000,20.709999,19.878119,69136700
1533697200,20.809999,21.070000,20.120001,20.139999,19.331015,58211500
1533783600,20.260000,20.350000,19.799999,20.340000,19.522982,51253100
1533870000,20.100000,20.150000,19.360001,19.590000,18.803108,61789800
1534129200,19.500000,20.040001,19.270000,20.040001,19.235033,58306700
1534215600,20.280001,20.309999,19.730000,19.980000,19.225410,55180600
1534302000,19.639999,19.670000,19.049999,19.049999,18.330532,65651700
1534388400,19.320000,19.350000,18.770000,18.950001,18.234310,51201600
1534474800,18.750000,18.860001,18.400000,18.459999,17.762814,68328400
1534734000,18.370001,18.510000,18.090000,18.360001,17.666594,56315600
1534820400,18.270000,18.530001,17.650000,17.719999,17.050764,68735300
1534906800,17.700001,18.379999,17.650000,18.350000,17.656971,56623700
1534993200,18.350000,18.520000,17.879999,17.950001,17.272076,56284100
1535079600,18.350000,18.440001,18.049999,18.299999,17.608858,37893000
1535338800,18.410000,18.760000,18.299999,18.709999,18.003372,35428000
1535425200,18.760000,18.850000,18.340000,18.350000,17.656971,38079200
1535511600,18.500000,19.309999,18.450001,19.299999,18.571089,71434300
1535598000,19.150000,19.540001,18.680000,18.799999,18.089973,63981900
1535684400,18.950001,19.430000,18.910000,19.260000,18.532602,75767400
1535943600,18.990000,19.129999,18.760000,19.000000,18.282421,25401600
1536030000,19.129999,19.190001,18.620001,18.650000,17.945641,39759800
1536116400,18.559999,18.799999,18.230000,18.750000,18.041862,53967300
1536202800,18.990000,19.020000,18.480000,18.990000,18.272799,54304300
1536548400,19.360001,19.600000,19.049999,19.260000,18.532602,58578100
1536634800,18.870001,18.889999,18.430000,18.500000,17.801306,56495200
1536721200,18.809999,19.219999,18.639999,18.950001,18.234310,59695700
1536807600,19.030001,19.129999,18.620001,18.709999,18.003372,36808700
1536894000,18.799999,18.959999,18.480000,18.790001,18.080353,55756300
1537153200,18.629999,19.490000,18.629999,19.400000,18.667313,71289500
1537239600,19.500000,20.250000,19.469999,20.250000,19.485212,72959100
1537326000,19.930000,20.459999,19.830000,19.980000,19.225410,60563700
1537412400,20.260000,20.350000,19.750000,19.870001,19.119566,56206900
1537498800,20.150000,20.299999,19.950001,20.139999,19.379366,58517300
1537758000,20.200001,20.410000,19.920000,20.000000,19.244654,54332900
1537844400,19.700001,20.150000,19.530001,20.080000,19.321632,54462300
1537930800,20.240000,20.299999,19.969999,20.190001,19.427479,60060800
1538017200,20.500000,21.459999,20.469999,21.459999,20.649513,104177300
1538103600,21.129999,21.940001,21.020000,21.090000,20.293488,91254600
1538362800,21.250000,21.360001,20.799999,21.000000,20.206888,56540400
1538449200,22.000000,22.820000,21.900000,22.820000,21.958151,127231800
1538535600,25.250000,25.420000,23.459999,23.790001,22.891516,152189200
1538622000,23.450001,24.520000,23.209999,24.020000,23.112829,99743300
1538708400,24.490000,24.590000,23.660000,23.959999,23.055096,104693400
1538967600,26.940001,26.969999,25.750000,26.600000,25.595390,188109000
1539054000,26.480000,27.000000,26.280001,26.820000,25.807081,90128800
1539140400,26.309999,26.389999,25.650000,26.049999,25.066160,82688000
1539226800,26.549999,26.750000,25.059999,25.290001,24.334867,119307500
1539572400,25.900000,26.120001,25.549999,25.770000,24.796738,92331900
1539658800,26.200001,26.730000,26.090000,26.730000,25.720480,74144800
1539745200,26.440001,26.629999,26.260000,26.450001,25.451056,80990300
1539831600,26.290001,26.340000,25.700001,25.700001,24.729382,56268900
1539918000,26.290001,26.340000,25.700001,25.920000,24.941072,61858300
1540177200,26.270000,26.600000,26.270000,26.530001,25.528036,63678000
1540263600,26.150000,26.480000,25.809999,26.200001,25.210497,77457300
1540350000,26.410000,26.990000,25.680000,25.680000,24.710136,93377100
1540436400,26.180000,26.639999,25.690001,26.320000,25.325964,79732200
1540522800,26.650000,27.600000,26.120001,27.600000,26.557623,110184900
1540782000,26.750000,27.270000,25.969999,26.420000,25.422188,160890100
1540868400,26.700001,28.000000,26.420000,28.000000,26.942514,107525500
1540954800,28.260000,28.330000,27.299999,27.620001,26.576868,84131500
1541041200,27.760000,28.020000,27.110001,27.320000,26.288197,98037100
1541383200,27.500000,28.160000,27.410000,28.160000,27.096472,60389900
1541469600,27.299999,28.299999,26.990000,27.190001,26.163107,95344400
1541556000,27.610001,27.650000,26.260000,26.299999,25.306719,95817100
1541642400,26.799999,27.030001,25.350000,25.350000,24.392601,119096300
1541728800,25.200001,25.719999,24.680000,25.459999,24.498444,94206400
1541988000,25.540001,25.920000,25.290001,25.330000,24.373354,63162600
1542074400,25.320000,25.320000,23.950001,24.240000,23.324522,112776300
1542160800,24.240000,25.190001,23.910000,25.100000,24.152040,104423900
1542333600,25.389999,26.040001,25.170000,25.799999,24.825603,100628900
1542592800,25.559999,26.290001,25.430000,26.000000,25.018051,79946400
1542765600,25.100000,25.480000,25.010000,25.170000,24.219397,77228100
1542852000,25.280001,25.360001,25.070000,25.150000,24.296682,31253600
1542938400,24.650000,24.799999,24.010000,24.370001,23.543148,77961200
1543197600,24.799999,24.990000,24.049999,24.250000,23.427219,62111600
1543284000,24.370001,25.700001,24.270000,25.530001,24.663792,90759000
1543370400,25.500000,25.870001,25.049999,25.379999,24.518879,92811300
1543456800,24.959999,25.500000,24.879999,25.170000,24.316006,65584300
1543543200,25.110001,25.559999,25.070000,25.459999,24.596165,90874500
1543802400,26.299999,26.530001,25.799999,25.940001,25.059879,90530000
1543888800,26.250000,26.330000,25.340000,25.340000,24.480236,66867500
1543975200,25.469999,25.719999,24.950001,25.559999,24.692772,54183300
1544061600,24.990000,25.120001,24.309999,24.590000,23.755684,99037200
1544148000,24.520000,25.469999,24.450001,24.770000,23.929577,87994700
1544407200,24.770000,24.900000,23.440001,23.440001,22.644703,73871100
1544493600,23.920000,24.070000,23.070000,23.290001,22.499792,64017600
1544580000,23.740000,23.900000,23.200001,23.299999,22.509451,63296400
1544666400,23.290001,23.450001,22.959999,23.360001,22.567417,61946100
1544752800,23.080000,23.330000,22.959999,23.049999,22.267933,45231700
1545012000,23.219999,23.270000,22.799999,22.870001,22.094042,53832000
1545098400,22.780001,22.799999,22.000000,22.000000,21.253561,74740000
1545184800,22.500000,23.049999,22.059999,22.250000,21.495079,171157500
1545271200,22.309999,22.320000,21.350000,21.490000,20.760864,141767000
1545357600,21.400000,21.980000,21.250000,21.549999,20.818827,90384300
1545789600,20.590000,21.680000,20.420000,21.680000,21.664797,77104200
1545876000,21.520000,21.980000,21.280001,21.670000,21.654804,74083700
1545962400,22.110001,22.830000,22.080000,22.680000,22.664097,61634700
1546394400,22.549999,24.200001,22.280001,24.059999,24.043127,104534800
1546480800,23.959999,24.820000,23.799999,24.650000,24.632713,95206400
1546567200,24.850000,24.940001,24.469999,24.719999,24.702665,72119800
1546826400,24.850000,25.920000,24.700001,25.110001,25.092392,121711900
1546912800,25.400000,25.420000,24.770000,24.959999,24.942495,68761800
1546999200,25.299999,25.500000,25.150000,25.480000,25.462132,70177600
1547085600,25.260000,25.410000,25.070000,25.260000,25.242287,54763700
1547172000,25.150000,25.190001,24.840000,24.990000,24.972475,53980700
1547431200,24.820000,25.090000,24.660000,24.850000,24.832575,46577300
1547517600,24.830000,25.120001,24.700001,24.830000,24.812588,53731500
1547604000,24.799999,24.900000,24.660000,24.820000,24.802595,40425000
1547690400,24.750000,25.299999,24.680000,25.160000,25.142357,50359400
1547776800,25.440001,25.559999,25.280001,25.400000,25.382189,67021300
1548036000,25.309999,25.530001,25.100000,25.530001,25.512098,45336500
1548122400,25.260000,25.500000,25.020000,25.129999,25.112377,61307000
1548208800,25.330000,25.540001,25.160000,25.430000,25.412169,52931600
1548295200,25.400000,25.540001,25.320000,25.540001,25.522091,40109000
1548640800,25.290001,25.530001,24.740000,24.770000,24.752630,65079900
1548727200,25.250000,25.559999,25.110001,25.370001,25.352211,59419200
1548813600,25.809999,25.930000,25.469999,25.620001,25.602036,62607500
1548900000,25.870001,25.959999,25.559999,25.580000,25.562061,63253600
1548986400,25.500000,25.850000,25.370001,25.799999,25.781906,47957400
1549245600,25.840000,26.120001,25.600000,26.030001,26.011747,53874900
1549332000,25.910000,26.100000,25.809999,26.080000,26.061712,40989100
1549418400,25.799999,25.840000,25.320000,25.490000,25.472124,64527000
1549504800,25.600000,25.850000,24.660000,25.090000,25.072407,55614100
1549591200,24.799999,25.280001,24.730000,25.129999,25.112377,40153900
1549850400,25.170000,25.170000,24.540001,24.840000,24.822580,39617300
1549936800,25.320000,25.850000,25.230000,25.719999,25.701963,72467200
1550023200,26.020000,26.209999,25.850000,26.049999,26.031733,69042200
1550109600,26.170000,26.950001,26.000000,26.950001,26.931103,81125500
1550196000,26.860001,27.020000,26.709999,26.840000,26.821178,63841800
1550458800,26.590000,26.790001,26.410000,26.760000,26.741236,43379000
1550545200,26.860001,27.400000,26.840000,27.379999,27.360800,58041900
1550631600,27.500000,27.660000,26.870001,27.040001,27.021040,55114500
1550718000,27.180000,27.490000,26.820000,27.400000,27.380785,46559400
1550804400,27.549999,27.700001,27.129999,27.129999,27.110973,36602000
1551063600,27.000000,27.030001,26.629999,26.700001,26.681278,54190800
1551150000,26.760000,27.139999,26.570000,26.580000,26.561361,46504200
1551236400,26.840000,27.250000,26.629999,27.080000,27.061010,49131400
1551322800,27.719999,27.750000,26.600000,27.059999,27.041023,93065100
1551409200,27.139999,27.250000,26.629999,26.700001,26.681278,41978700
1551841200,26.549999,26.760000,26.469999,26.760000,26.741236,18423400
1551927600,26.799999,26.910000,26.490000,26.770000,26.751228,32835300
1552014000,26.490000,26.750000,26.219999,26.670000,26.651299,49564400
1552273200,27.020000,27.780001,27.010000,27.750000,27.730541,66742800
1552359600,27.790001,27.959999,27.250000,27.500000,27.480715,64287300
1552446000,27.590000,28.129999,27.520000,28.100000,28.080296,61057200
1552532400,28.150000,28.200001,27.910000,28.190001,28.170233,42777800
1552618800,28.160000,28.389999,28.110001,28.250000,28.230190,61041100
1552878000,28.350000,28.790001,28.260000,28.740000,28.719847,91920600
1552964400,28.850000,29.500000,28.600000,29.200001,29.179523,69423600
1553050800,29.200001,29.600000,28.900000,28.969999,28.949684,68878000
1553137200,28.840000,28.969999,27.920000,28.559999,28.539972,80121300
1553223600,27.940001,28.139999,27.000000,27.000000,26.981066,104731100
1553482800,26.830000,27.590000,26.820000,27.340000,27.320827,104772900
1553569200,27.740000,28.680000,27.719999,28.629999,28.609922,91549100
1553655600,28.209999,28.209999,27.340000,27.340000,27.320827,66415400
1553742000,27.250000,28.059999,26.950001,28.059999,28.040323,69412700
1553828400,28.450001,28.530001,27.740000,28.059999,28.040323,51587400
1554087600,28.400000,28.420000,27.870001,28.000000,27.980366,42289800
1554174000,28.139999,28.299999,27.860001,28.290001,28.270163,38460600
1554260400,28.530001,28.559999,27.540001,27.540001,27.520689,55120900
1554346800,27.770000,28.469999,27.370001,28.469999,28.450035,52248100
1554433200,28.540001,28.889999,28.209999,28.780001,28.759819,54708900
1554692400,29.059999,29.389999,28.980000,29.250000,29.229488,55270000
1554778800,29.030001,29.240000,28.670000,29.160000,29.139551,43863700
1554865200,29.549999,29.570000,28.780001,28.780001,28.759819,62005200
1554951600,28.700001,28.700001,27.870001,28.000000,27.980366,56126400
1555038000,26.469999,26.969999,25.570000,25.830000,25.811886,227307600
1555297200,26.350000,26.580000,25.549999,25.930000,25.911818,117567200
1555383600,25.950001,27.059999,25.629999,26.719999,26.701262,95149300
1555470000,27.120001,27.340000,26.219999,26.750000,26.731241,103988400
1555556400,27.360001,27.889999,27.250000,27.600000,27.580647,100942100
1555902000,27.690001,27.889999,27.320000,27.440001,27.420759,45321900
1555988400,27.719999,28.000000,27.680000,27.680000,27.660589,52199500
1556074800,27.719999,27.889999,27.209999,27.600000,27.580647,57704700
1556161200,27.450001,28.070000,27.430000,27.799999,27.780504,55201700
1556247600,27.680000,27.770000,27.059999,27.250000,27.250000,52616600
1556506800,27.549999,27.620001,27.340000,27.370001,27.370001,27689800
1556593200,27.520000,27.660000,26.980000,27.110001,27.110001,39570700
1556766000,26.799999,26.820000,26.520000,26.730000,26.730000,37820300
1556852400,26.900000,27.070000,26.850000,26.850000,26.850000,33334800
1557111600,26.389999,26.770000,26.360001,26.770000,26.770000,31715900
1557198000,26.650000,26.660000,26.120001,26.350000,26.350000,52454400
1557284400,26.309999,27.469999,26.290001,27.370001,27.370001,71780300
1557370800,27.100000,27.120001,26.639999,26.830000,26.830000,46663300
1557457200,26.870001,26.920000,26.420000,26.680000,26.680000,33336000
1557716400,26.209999,26.469999,25.820000,25.900000,25.900000,43146100
1557802800,26.170000,26.230000,25.850000,26.000000,26.000000,34968600
1557889200,25.740000,25.889999,25.660000,25.879999,25.879999,37053900
1557975600,25.770000,26.040001,25.240000,25.270000,25.270000,46502200